model_path,webqa,vqa,okvqa
qwen2-ft,0.8032786885245902,0.6180327868852459,0.27848101265822783
qwen2,0.11475409836065574,0.2792349726775956,0.07383966244725738
phi3-ft,0.36065573770491804,0.5961748633879781,0.2742616033755274
phi3,0.29508196721311475,0.3360655737704918,0.3670886075949367
llava15-ft,0.23770491803278687,0.5907103825136611,0.28270042194092826
llava15,0.0,0.06775956284153005,0.06118143459915612
